category,combined_text,country,curation_before_similarity,dedupe_reason,duplicate_of,is_trump_story,key_toks_title,lang,lang_conf,lang_detected,lang_method,link,most_debated_score,most_debated_score_raw,published_iso,reddit_match_count,reddit_matches,secondary_category,secondary_category_hint,shortlist_score,sim_cluster_id,sim_is_dupe,sim_score,sim_title_ratio,sim_to_index,source_method,source_name,source_url,summary,title,trump_exempt
Utenriks,,SE,-18.3544673622666,,,,,sv,1.0,sv,agree,https://www.dn.se/varlden/starka-protester-mot-israels-bordning-av-aktivistfartyg/,,,2025-10-02T07:28:01+02:00,,,,Økonomi,2.068412385390816,96,False,,,,rss,Dagens Nyheter (SE),https://www.dn.se/,Israel hävdar att alla fartyg som deltog i den humanitära biståndskonvojen Global Sumud Flotilla har stoppats. Runt 500 aktivister ska ha förts i ett krigsskepp till hamnstaden Ashdod. Enligt Israel är de väl omhändertaga och ska nu deporteras till sina hemländer.,Starka protester mot Israels bordning av aktivistfartyg,
Politikk,,FI,-131.01802247706445,,,,,en,1.0,en,agree,https://www.helsinkitimes.fi/world-int/28029-netanyahu-faces-walkout-and-international-backlash-during-un-gaza-speech.html,,,2025-09-27T17:18:15+03:00,,,Utenriks,Utenriks,1.4640753222087808,341,False,,,,rss,Helsinki Times (EN),https://www.helsinkitimes.fi/,"<p><img src=""https://www.helsinkitimes.fi/images/2025/09/netanyahu_un_speech.jpg"" /></p><p><strong>Israeli Prime</strong> <strong>Minister</strong> <strong>Benjamin Netanyahu</strong> used his address to the United Nations General Assembly to condemn recent recognition of Palestinian statehood and reaffirm Israel’s intention to continue its military campaign in Gaza. His appearance prompted walkouts by dozens of delegates and widespread protests in New York City.</p>
<p>The speech came amid growing global criticism over Israel’s conduct in Gaza, where over 65,500 people have been killed since October 2023, according to Gaza’s health authorities. Netanyahu’s message focused on defending Israel’s actions, denying <a href=""https://www.helsinkitimes.fi/world-int/27923-48-killed-as-israel-begins-gaza-city-invasion-un-says-genocide-committed.html"" rel=""noopener noreferrer"" target=""_blank"">genocide</a>, and targeting Western nations that have recently recognised a Palestinian state.</p>",Netanyahu faces walkout and international backlash during UN Gaza speech,
Kultur,,DK,-23.464423094100244,,,,,da,0.9999999999994728,da,agree,https://politiken.dk/kultur/musik/art10565824/Aphaca-om-fem-%C3%B8jeblikke-fra-deres-vilde-sommer,,,2025-10-03T09:05:40+02:00,,,,Økonomi,2.067188902995478,110,False,,,,rss,Politiken – Seneste nyt (DA),https://politiken.dk/,"Fra et tag på Forum til Bornholms strande og debuten på Roskilde Festival – fem øjeblikke fra den sommer, da Aphaca på rekordtid blev et samlingspunkt i Danmark.",Aphaca om fem øjeblikke fra deres vilde sommer,
Meninger,,SE,-3.785875633210796,,,,,sv,0.9999999999999482,sv,agree,https://www.dn.se/debatt/antingen-forstar-regeringskansliet-inte-eller-sa-vilseleder-man-medvetet/,,,2025-10-02T10:23:06+02:00,,,,Økonomi,1.9138984127248704,37,False,,,,rss,Dagens Nyheter (SE),https://www.dn.se/,DN DEBATT SLUTREPLIK. Två professorer: Regeringskansliet har blivit en bunker som lämnar icke-svar på ett påtagligt demokratiskt problem.,DN Debatt Repliker. ”Antingen förstår Regeringskansliet inte – eller så vilseleder man medvetet”,
Vitenskap,,SE,-11.659647303235236,,,,,sv,1.0,sv,agree,https://omni.se/flygturbulens-blir-varre-och-losningen-ar-langt-ifran-enkel/a/XjP0wb,,,2025-09-30T14:23:23+00:00,,,,Økonomi,1.562318528826074,71,False,,,,html-enriched,Omni (SE),https://omni.se/,Forskning visar att svår flygturbulens över Nordatlanten har ökat med 55 procent. Händelser som den då flera personer skadades i ett Delta Air Lines-flyg över Wyoming kan alltså bl…,Flygturbulens blir värre – och lösningen är långt ifrån enkel,
Kultur,,SE,-40.02785470705194,,,,,sv,1.0,sv,agree,https://www.dn.se/kultur/helsingforsmuseum-sparkar-personal-kritiseras/,,,2025-10-03T12:29:52+02:00,,,,Økonomi,3.049408596753886,158,False,,,,rss,Dagens Nyheter (SE),https://www.dn.se/,"Det finländska museet Amos Rex har sagt upp flera anställda för att sedan rekrytera till likande positioner, rapporterar lokala medier. Enligt den tidigare kritiserade museichefen Kieran Long görs förändringarna som en del i strävan efter att museet ska bli internationellt erkänt.",Helsingforsmuseum sparkar personal – kritiseras,
Teknologi,,FI,-61.14739633257064,,,,,en,1.0,en,agree,https://www.helsinkitimes.fi/finland/finland-news/domestic/28019-police-monitor-drone-activity-near-critical-sites-across-finland.html,,,2025-09-26T16:30:54+03:00,,,,Økonomi,1.4119845283179573,208,False,,,,rss,Helsinki Times (EN),https://www.helsinkitimes.fi/,"<div class=""feed-description""><p><img src=""https://www.helsinkitimes.fi/images/2025/09/drone_in_finland.jpg"" /></p><p><strong>Police in Finland</strong> are receiving dozens of drone sighting reports each month, with several new cases emerging in recent days. Authorities say most sightings are harmless, but increased attention is being paid to flights near critical infrastructure amid wider concerns about hybrid threats.</p>
<p>Recent reports from Europe have included temporary <a href=""https://www.helsinkitimes.fi/world-int/28001-danish-airports-targeted-in-suspected-hybrid-drone-attacks-twice-this-week.html"" rel=""noopener noreferrer"" target=""_blank"">airport closures in Denmark</a> and Norway due to unauthorised drone flights. In Finland, police say there is no confirmed evidence of drones linked to foreign state actors, but they are not ruling out the possibility in every case.</p>
</div>",Police monitor drone activity near critical sites across Finland,
USA,,DK,-50.744542811288376,,,,,da,0.999999999999908,da,agree,https://nyheder.tv2.dk/business/2025-10-02-flot-comeback-til-danskernes-pensioner-men-stor-forskel-hos-selskaberne,,,2025-10-03T05:10:44.138000+00:00,,,Underholdning,Underholdning,1.7845888964143146,185,False,,,,html-enriched,TV 2 Nyheder (DA),https://nyheder.tv2.dk/,Pensionsopsparingerne er igen i plus efter en hÃ¥rd nedtur ovenpÃ¥ den amerikanske prÃ¦sident Donald Trump og hans toldmur.,Flot comeback til danskernes pensioner â men stor forskel hos selskaberne - TV 2,
